category,Business-relevant,Technological,Use-case
Business-relevant,1.0,0.874500856947825,0.8853838197154731
Technological,0.874500856947825,1.0,0.9465109215993659
Use-case,0.8853838197154731,0.9465109215993659,1.0
