,Business-relevant,Technological,Use-case
Business-relevant,1.0,0.874500856947825,0.8853838197154729
Technological,0.874500856947825,1.0,0.946510921599366
Use-case,0.8853838197154729,0.946510921599366,1.0
