subcategory,Business Models,Cost Models & Pricing,Customer Adoption & Demand Dynamics,Intellectual Property & Patents,Investment & Financing,Market Trends & Forecast,"Mergers, Acquisitions & Partnerships",Other,"Supply Chain, Manufacturing & Logistics",Sustainability & Circular Economy
Business Models,1.0,0.9241880474627574,0.954824382533219,0.5831419864734859,0.8312934442302212,0.9495232392785915,0.46092527974767056,0.8623934593459656,0.20525052522716353,0.13562026419818182
Cost Models & Pricing,0.9241880474627574,1.0,0.9334571167077671,0.5793068110550934,0.886151328421017,0.9010247153437085,0.6585727006144699,0.895822138658524,0.37684910795677184,0.24034261264729959
Customer Adoption & Demand Dynamics,0.954824382533219,0.9334571167077671,1.0,0.5471704185709758,0.8897814758443224,0.9317666175185964,0.640004972516192,0.8975337494746088,0.39416646700412644,0.3347278252872778
Intellectual Property & Patents,0.5831419864734859,0.5793068110550934,0.5471704185709758,1.0,0.37922603382828585,0.655003909916256,0.253025640500725,0.6506686385113589,0.14485672223251972,-0.043430562734732434
Investment & Financing,0.8312934442302212,0.886151328421017,0.8897814758443224,0.37922603382828585,1.0,0.7735140126304862,0.795013019286314,0.8606872357692297,0.5412311408117138,0.4949058629195467
Market Trends & Forecast,0.9495232392785915,0.9010247153437085,0.9317666175185964,0.655003909916256,0.7735140126304862,1.0,0.48676384936307243,0.8702367170218281,0.2611635738407431,0.052035373529472996
"Mergers, Acquisitions & Partnerships",0.46092527974767056,0.6585727006144699,0.640004972516192,0.253025640500725,0.795013019286314,0.48676384936307243,1.0,0.7708959534815985,0.8351448129868958,0.5983479979079379
Other,0.8623934593459656,0.895822138658524,0.8975337494746088,0.6506686385113589,0.8606872357692297,0.8702367170218281,0.7708959534815985,1.0,0.5243765600614518,0.24841764714739245
"Supply Chain, Manufacturing & Logistics",0.20525052522716353,0.37684910795677184,0.39416646700412644,0.14485672223251972,0.5412311408117138,0.2611635738407431,0.8351448129868958,0.5243765600614518,1.0,0.6409374017683213
Sustainability & Circular Economy,0.13562026419818182,0.24034261264729959,0.3347278252872778,-0.043430562734732434,0.4949058629195467,0.052035373529472996,0.5983479979079379,0.24841764714739245,0.6409374017683213,1.0
