category,Business-relevant,Technological,Use-case
Business-relevant,1.0,-0.1446923009987584,0.3909444750436361
Technological,-0.1446923009987584,1.0,0.4597197676174836
Use-case,0.3909444750436361,0.4597197676174836,1.0
