,Use-case,Technological,Business-relevant
Use-case,1.0,0.1817786890424124,0.23741199916536027
Technological,0.1817786890424124,1.0,0.33756570058082586
Business-relevant,0.23741199916536027,0.33756570058082586,1.0
