category,Business-relevant,Technological,Use-case
Business-relevant,1.0,0.9189647506056057,0.898047624869748
Technological,0.9189647506056057,1.0,0.95419128800268
Use-case,0.898047624869748,0.95419128800268,1.0
